{"cameraMode":{"drawMode":0,"name":"Shaded","section":"Shading Mode"},"sceneLighting":false,"audioPlay":false,"sceneViewState":{"showFog":true,"showMaterialUpdate":false,"showSkybox":false,"showFlares":true,"showImageEffects":true,"showParticleSystems":true},"in2DMode":false,"pivot":{"x":-0.5444459915161133,"y":3.113760471343994,"z":-0.7967581748962402},"rotation":{"x":-0.1641981601715088,"y":0.49134987592697146,"z":-0.09490862488746643,"w":-0.8500643968582153},"size":2.8578836917877199,"orthographic":false}