{"cameraMode":{"drawMode":0,"name":"Shaded","section":"Shading Mode"},"sceneLighting":true,"audioPlay":false,"sceneViewState":{"showFog":true,"showMaterialUpdate":false,"showSkybox":true,"showFlares":true,"showImageEffects":true,"showParticleSystems":true},"in2DMode":false,"pivot":{"x":-9.26033878326416,"y":-1.0692949295043946,"z":-1.3989485502243043},"rotation":{"x":-0.14624910056591035,"y":0.7148404717445374,"z":-0.15708622336387635,"w":-0.665540874004364},"size":17.34831428527832,"orthographic":false}